Algorithm,Allocation,Processes,MessageSize,Avg Latency(us)
linear,core,2,1,0.18
linear,core,2,2,0.19
linear,core,2,4,0.19
linear,core,2,8,0.18
linear,core,2,16,0.18
linear,core,2,32,0.23
linear,core,2,64,0.24
linear,core,2,128,0.30
linear,core,2,256,0.32
linear,core,2,512,0.35
linear,core,2,1024,0.42
linear,core,2,2048,0.53
linear,core,2,4096,0.83
linear,core,2,8192,1.33
linear,core,2,16384,3.09
linear,core,2,32768,5.21
linear,core,2,65536,6.71
linear,core,2,131072,9.85
linear,core,2,262144,16.09
linear,core,2,524288,29.72
linear,core,2,1048576,62.26
linear,core,3,1,0.41
linear,core,3,2,0.40
linear,core,3,4,0.39
linear,core,3,8,0.40
linear,core,3,16,0.39
linear,core,3,32,0.43
linear,core,3,64,0.42
linear,core,3,128,0.56
linear,core,3,256,0.57
linear,core,3,512,0.59
linear,core,3,1024,0.77
linear,core,3,2048,0.97
linear,core,3,4096,1.45
linear,core,3,8192,2.19
linear,core,3,16384,4.78
linear,core,3,32768,7.86
linear,core,3,65536,12.03
linear,core,3,131072,18.92
linear,core,3,262144,32.86
linear,core,3,524288,62.79
linear,core,3,1048576,126.34
linear,core,4,1,0.19
linear,core,4,2,0.20
linear,core,4,4,0.19
linear,core,4,8,0.19
linear,core,4,16,0.19
linear,core,4,32,0.27
linear,core,4,64,0.26
linear,core,4,128,0.43
linear,core,4,256,0.45
linear,core,4,512,0.53
linear,core,4,1024,0.71
linear,core,4,2048,1.03
linear,core,4,4096,1.65
linear,core,4,8192,2.55
linear,core,4,16384,5.66
linear,core,4,32768,8.82
linear,core,4,65536,14.75
linear,core,4,131072,26.44
linear,core,4,262144,51.88
linear,core,4,524288,104.46
linear,core,4,1048576,217.33
linear,core,5,1,0.25
linear,core,5,2,0.25
linear,core,5,4,0.25
linear,core,5,8,0.25
linear,core,5,16,0.25
linear,core,5,32,0.31
linear,core,5,64,0.31
linear,core,5,128,0.55
linear,core,5,256,0.62
linear,core,5,512,0.64
linear,core,5,1024,0.89
linear,core,5,2048,1.27
linear,core,5,4096,2.03
linear,core,5,8192,3.06
linear,core,5,16384,5.70
linear,core,5,32768,10.07
linear,core,5,65536,18.20
linear,core,5,131072,34.58
linear,core,5,262144,68.00
linear,core,5,524288,138.47
linear,core,5,1048576,268.28
linear,core,6,1,0.32
linear,core,6,2,0.31
linear,core,6,4,0.32
linear,core,6,8,0.32
linear,core,6,16,0.32
linear,core,6,32,0.44
linear,core,6,64,0.42
linear,core,6,128,0.69
linear,core,6,256,0.74
linear,core,6,512,0.77
linear,core,6,1024,1.07
linear,core,6,2048,1.50
linear,core,6,4096,2.39
linear,core,6,8192,3.58
linear,core,6,16384,6.55
linear,core,6,32768,10.93
linear,core,6,65536,20.94
linear,core,6,131072,40.88
linear,core,6,262144,81.77
linear,core,6,524288,166.16
linear,core,6,1048576,306.58
linear,core,7,1,0.35
linear,core,7,2,0.37
linear,core,7,4,0.35
linear,core,7,8,0.36
linear,core,7,16,0.35
linear,core,7,32,0.51
linear,core,7,64,0.45
linear,core,7,128,0.81
linear,core,7,256,0.84
linear,core,7,512,0.87
linear,core,7,1024,1.26
linear,core,7,2048,1.74
linear,core,7,4096,2.71
linear,core,7,8192,4.06
linear,core,7,16384,7.60
linear,core,7,32768,12.68
linear,core,7,65536,24.02
linear,core,7,131072,47.66
linear,core,7,262144,95.30
linear,core,7,524288,195.84
linear,core,7,1048576,370.30
linear,core,8,1,0.67
linear,core,8,2,0.68
linear,core,8,4,0.69
linear,core,8,8,0.66
linear,core,8,16,0.68
linear,core,8,32,0.85
linear,core,8,64,0.82
linear,core,8,128,1.33
linear,core,8,256,1.36
linear,core,8,512,1.39
linear,core,8,1024,1.73
linear,core,8,2048,2.40
linear,core,8,4096,3.40
linear,core,8,8192,4.95
linear,core,8,16384,8.11
linear,core,8,32768,14.23
linear,core,8,65536,27.96
linear,core,8,131072,56.82
linear,core,8,262144,112.11
linear,core,8,524288,208.02
linear,core,8,1048576,371.85
linear,core,9,1,0.80
linear,core,9,2,0.81
linear,core,9,4,0.81
linear,core,9,8,0.81
linear,core,9,16,0.81
linear,core,9,32,0.93
linear,core,9,64,0.91
linear,core,9,128,1.43
linear,core,9,256,1.49
linear,core,9,512,1.45
linear,core,9,1024,1.99
linear,core,9,2048,2.50
linear,core,9,4096,3.65
linear,core,9,8192,5.43
linear,core,9,16384,8.84
linear,core,9,32768,16.22
linear,core,9,65536,31.95
linear,core,9,131072,62.56
linear,core,9,262144,124.66
linear,core,9,524288,248.22
linear,core,9,1048576,467.91
linear,core,10,1,0.93
linear,core,10,2,0.91
linear,core,10,4,0.88
linear,core,10,8,0.87
linear,core,10,16,0.88
linear,core,10,32,1.03
linear,core,10,64,0.98
linear,core,10,128,1.58
linear,core,10,256,1.62
linear,core,10,512,1.60
linear,core,10,1024,2.22
linear,core,10,2048,2.82
linear,core,10,4096,4.06
linear,core,10,8192,6.00
linear,core,10,16384,9.63
linear,core,10,32768,17.67
linear,core,10,65536,34.86
linear,core,10,131072,69.19
linear,core,10,262144,138.06
linear,core,10,524288,278.28
linear,core,10,1048576,520.69
linear,core,11,1,0.82
linear,core,11,2,0.83
linear,core,11,4,0.83
linear,core,11,8,0.83
linear,core,11,16,0.81
linear,core,11,32,1.08
linear,core,11,64,0.92
linear,core,11,128,1.64
linear,core,11,256,1.68
linear,core,11,512,1.67
linear,core,11,1024,2.35
linear,core,11,2048,3.01
linear,core,11,4096,4.32
linear,core,11,8192,6.49
linear,core,11,16384,10.42
linear,core,11,32768,18.61
linear,core,11,65536,28.34
linear,core,11,131072,50.37
linear,core,11,262144,110.91
linear,core,11,524288,263.66
linear,core,11,1048576,515.21
linear,core,12,1,0.89
linear,core,12,2,0.87
linear,core,12,4,0.87
linear,core,12,8,0.87
linear,core,12,16,0.88
linear,core,12,32,1.10
linear,core,12,64,0.99
linear,core,12,128,1.72
linear,core,12,256,1.79
linear,core,12,512,1.80
linear,core,12,1024,2.53
linear,core,12,2048,3.23
linear,core,12,4096,4.69
linear,core,12,8192,7.34
linear,core,12,16384,10.94
linear,core,12,32768,20.66
linear,core,12,65536,40.59
linear,core,12,131072,81.13
linear,core,12,262144,163.66
linear,core,12,524288,330.47
linear,core,12,1048576,584.95
linear,core,13,1,0.88
linear,core,13,2,0.88
linear,core,13,4,0.87
linear,core,13,8,0.88
linear,core,13,16,0.87
linear,core,13,32,1.09
linear,core,13,64,1.00
linear,core,13,128,1.81
linear,core,13,256,1.85
linear,core,13,512,1.88
linear,core,13,1024,2.65
linear,core,13,2048,3.50
linear,core,13,4096,5.08
linear,core,13,8192,7.56
linear,core,13,16384,13.76
linear,core,13,32768,25.25
linear,core,13,65536,50.62
linear,core,13,131072,102.16
linear,core,13,262144,205.54
linear,core,13,524288,410.46
linear,core,13,1048576,770.63
linear,core,14,1,0.94
linear,core,14,2,0.95
linear,core,14,4,0.93
linear,core,14,8,0.95
linear,core,14,16,0.93
linear,core,14,32,1.15
linear,core,14,64,1.08
linear,core,14,128,2.11
linear,core,14,256,2.18
linear,core,14,512,2.17
linear,core,14,1024,3.25
linear,core,14,2048,4.03
linear,core,14,4096,5.79
linear,core,14,8192,8.56
linear,core,14,16384,14.78
linear,core,14,32768,28.85
linear,core,14,65536,59.49
linear,core,14,131072,121.31
linear,core,14,262144,244.19
linear,core,14,524288,479.80
linear,core,14,1048576,905.40
linear,core,15,1,1.03
linear,core,15,2,1.07
linear,core,15,4,1.06
linear,core,15,8,1.06
linear,core,15,16,1.06
linear,core,15,32,1.33
linear,core,15,64,1.25
linear,core,15,128,2.33
linear,core,15,256,2.38
linear,core,15,512,2.50
linear,core,15,1024,3.51
linear,core,15,2048,4.37
linear,core,15,4096,6.41
linear,core,15,8192,9.49
linear,core,15,16384,15.49
linear,core,15,32768,31.16
linear,core,15,65536,65.37
linear,core,15,131072,134.50
linear,core,15,262144,272.60
linear,core,15,524288,548.20
linear,core,15,1048576,1017.93
linear,core,16,1,1.49
linear,core,16,2,1.48
linear,core,16,4,1.47
linear,core,16,8,1.46
linear,core,16,16,1.50
linear,core,16,32,1.73
linear,core,16,64,1.67
linear,core,16,128,3.27
linear,core,16,256,3.39
linear,core,16,512,3.69
linear,core,16,1024,4.55
linear,core,16,2048,5.50
linear,core,16,4096,7.71
linear,core,16,8192,11.29
linear,core,16,16384,16.70
linear,core,16,32768,33.92
linear,core,16,65536,70.00
linear,core,16,131072,143.24
linear,core,16,262144,289.54
linear,core,16,524288,582.24
linear,core,16,1048576,1096.88
linear,core,17,1,2.47
linear,core,17,2,2.51
linear,core,17,4,2.47
linear,core,17,8,2.49
linear,core,17,16,2.48
linear,core,17,32,2.81
linear,core,17,64,2.62
linear,core,17,128,3.49
linear,core,17,256,3.73
linear,core,17,512,3.64
linear,core,17,1024,4.86
linear,core,17,2048,5.86
linear,core,17,4096,8.22
linear,core,17,8192,11.97
linear,core,17,16384,18.92
linear,core,17,32768,37.42
linear,core,17,65536,77.37
linear,core,17,131072,158.42
linear,core,17,262144,318.34
linear,core,17,524288,626.71
linear,core,17,1048576,1212.03
linear,core,18,1,2.28
linear,core,18,2,2.31
linear,core,18,4,2.28
linear,core,18,8,2.29
linear,core,18,16,2.29
linear,core,18,32,2.68
linear,core,18,64,2.52
linear,core,18,128,3.92
linear,core,18,256,4.19
linear,core,18,512,4.10
linear,core,18,1024,5.51
linear,core,18,2048,6.66
linear,core,18,4096,9.30
linear,core,18,8192,13.36
linear,core,18,16384,21.46
linear,core,18,32768,41.68
linear,core,18,65536,83.10
linear,core,18,131072,169.16
linear,core,18,262144,339.13
linear,core,18,524288,678.14
linear,core,18,1048576,1084.81
linear,core,19,1,2.22
linear,core,19,2,2.27
linear,core,19,4,2.29
linear,core,19,8,2.25
linear,core,19,16,2.27
linear,core,19,32,2.67
linear,core,19,64,2.55
linear,core,19,128,4.36
linear,core,19,256,4.35
linear,core,19,512,4.43
linear,core,19,1024,6.00
linear,core,19,2048,7.19
linear,core,19,4096,10.05
linear,core,19,8192,14.51
linear,core,19,16384,20.40
linear,core,19,32768,41.13
linear,core,19,65536,86.69
linear,core,19,131072,182.36
linear,core,19,262144,366.63
linear,core,19,524288,734.26
linear,core,19,1048576,1408.79
linear,core,20,1,2.33
linear,core,20,2,2.36
linear,core,20,4,2.34
linear,core,20,8,2.33
linear,core,20,16,2.32
linear,core,20,32,2.82
linear,core,20,64,2.64
linear,core,20,128,4.83
linear,core,20,256,4.73
linear,core,20,512,4.90
linear,core,20,1024,6.54
linear,core,20,2048,7.87
linear,core,20,4096,11.32
linear,core,20,8192,16.22
linear,core,20,16384,21.02
linear,core,20,32768,43.21
linear,core,20,65536,91.22
linear,core,20,131072,189.88
linear,core,20,262144,384.47
linear,core,20,524288,765.38
linear,core,20,1048576,1494.08
linear,core,21,1,2.34
linear,core,21,2,2.38
linear,core,21,4,2.38
linear,core,21,8,2.35
linear,core,21,16,2.36
linear,core,21,32,2.83
linear,core,21,64,2.70
linear,core,21,128,5.01
linear,core,21,256,4.91
linear,core,21,512,5.11
linear,core,21,1024,6.87
linear,core,21,2048,8.29
linear,core,21,4096,11.61
linear,core,21,8192,16.84
linear,core,21,16384,21.16
linear,core,21,32768,45.21
linear,core,21,65536,97.79
linear,core,21,131072,202.58
linear,core,21,262144,408.44
linear,core,21,524288,817.78
linear,core,21,1048576,1565.31
linear,core,22,1,2.44
linear,core,22,2,2.44
linear,core,22,4,2.40
linear,core,22,8,2.40
linear,core,22,16,2.43
linear,core,22,32,2.91
linear,core,22,64,2.83
linear,core,22,128,5.43
linear,core,22,256,5.35
linear,core,22,512,5.53
linear,core,22,1024,7.46
linear,core,22,2048,8.92
linear,core,22,4096,12.53
linear,core,22,8192,18.05
linear,core,22,16384,21.82
linear,core,22,32768,46.78
linear,core,22,65536,101.22
linear,core,22,131072,209.94
linear,core,22,262144,351.88
linear,core,22,524288,732.34
linear,core,22,1048576,1545.81
linear,core,23,1,2.47
linear,core,23,2,2.52
linear,core,23,4,2.50
linear,core,23,8,2.50
linear,core,23,16,2.49
linear,core,23,32,2.99
linear,core,23,64,2.85
linear,core,23,128,5.70
linear,core,23,256,5.62
linear,core,23,512,5.98
linear,core,23,1024,7.99
linear,core,23,2048,9.57
linear,core,23,4096,13.40
linear,core,23,8192,19.35
linear,core,23,16384,22.17
linear,core,23,32768,48.81
linear,core,23,65536,105.90
linear,core,23,131072,217.58
linear,core,23,262144,352.93
linear,core,23,524288,740.77
linear,core,23,1048576,1630.59
linear,core,24,1,2.65
linear,core,24,2,2.68
linear,core,24,4,2.64
linear,core,24,8,2.64
linear,core,24,16,2.66
linear,core,24,32,3.15
linear,core,24,64,3.04
linear,core,24,128,6.00
linear,core,24,256,6.11
linear,core,24,512,6.44
linear,core,24,1024,8.54
linear,core,24,2048,10.22
linear,core,24,4096,14.26
linear,core,24,8192,20.65
linear,core,24,16384,23.85
linear,core,24,32768,51.16
linear,core,24,65536,113.78
linear,core,24,131072,235.63
linear,core,24,262144,478.60
linear,core,24,524288,828.29
linear,core,24,1048576,1705.32
linear,core,25,1,2.34
linear,core,25,2,2.35
linear,core,25,4,2.32
linear,core,25,8,2.33
linear,core,25,16,2.31
linear,core,25,32,2.92
linear,core,25,64,2.77
linear,core,25,128,5.72
linear,core,25,256,5.90
linear,core,25,512,6.08
linear,core,25,1024,8.38
linear,core,25,2048,10.30
linear,core,25,4096,14.42
linear,core,25,8192,21.20
linear,core,25,16384,23.83
linear,core,25,32768,52.21
linear,core,25,65536,112.39
linear,core,25,131072,228.18
linear,core,25,262144,458.82
linear,core,25,524288,920.90
linear,core,25,1048576,1779.84
linear,core,26,1,2.40
linear,core,26,2,2.41
linear,core,26,4,2.39
linear,core,26,8,2.39
linear,core,26,16,2.41
linear,core,26,32,3.21
linear,core,26,64,2.85
linear,core,26,128,5.93
linear,core,26,256,6.15
linear,core,26,512,6.36
linear,core,26,1024,8.79
linear,core,26,2048,10.73
linear,core,26,4096,15.20
linear,core,26,8192,22.31
linear,core,26,16384,19.98
linear,core,26,32768,44.42
linear,core,26,65536,102.89
linear,core,26,131072,221.46
linear,core,26,262144,447.02
linear,core,26,524288,894.45
linear,core,26,1048576,1738.01
linear,core,27,1,2.36
linear,core,27,2,2.40
linear,core,27,4,2.35
linear,core,27,8,2.39
linear,core,27,16,2.36
linear,core,27,32,3.13
linear,core,27,64,2.82
linear,core,27,128,6.10
linear,core,27,256,6.30
linear,core,27,512,6.62
linear,core,27,1024,9.13
linear,core,27,2048,11.25
linear,core,27,4096,15.78
linear,core,27,8192,23.23
linear,core,27,16384,22.86
linear,core,27,32768,47.39
linear,core,27,65536,101.25
linear,core,27,131072,205.83
linear,core,27,262144,416.61
linear,core,27,524288,863.17
linear,core,27,1048576,1679.76
linear,core,28,1,2.55
linear,core,28,2,2.55
linear,core,28,4,2.54
linear,core,28,8,2.54
linear,core,28,16,2.58
linear,core,28,32,3.30
linear,core,28,64,3.10
linear,core,28,128,6.41
linear,core,28,256,6.61
linear,core,28,512,6.86
linear,core,28,1024,9.47
linear,core,28,2048,11.75
linear,core,28,4096,16.61
linear,core,28,8192,24.26
linear,core,28,16384,22.70
linear,core,28,32768,47.09
linear,core,28,65536,98.47
linear,core,28,131072,201.78
linear,core,28,262144,408.12
linear,core,28,524288,841.11
linear,core,28,1048576,1623.95
linear,core,29,1,2.72
linear,core,29,2,2.78
linear,core,29,4,2.72
linear,core,29,8,2.72
linear,core,29,16,2.90
linear,core,29,32,3.68
linear,core,29,64,3.37
linear,core,29,128,6.85
linear,core,29,256,7.09
linear,core,29,512,7.47
linear,core,29,1024,10.15
linear,core,29,2048,12.44
linear,core,29,4096,17.60
linear,core,29,8192,25.66
linear,core,29,16384,22.11
linear,core,29,32768,46.70
linear,core,29,65536,96.79
linear,core,29,131072,196.12
linear,core,29,262144,392.81
linear,core,29,524288,800.61
linear,core,29,1048576,1558.86
linear,core,30,1,2.75
linear,core,30,2,2.82
linear,core,30,4,2.76
linear,core,30,8,2.74
linear,core,30,16,2.90
linear,core,30,32,3.46
linear,core,30,64,3.22
linear,core,30,128,6.97
linear,core,30,256,7.24
linear,core,30,512,7.61
linear,core,30,1024,10.34
linear,core,30,2048,12.79
linear,core,30,4096,17.91
linear,core,30,8192,26.30
linear,core,30,16384,22.72
linear,core,30,32768,46.09
linear,core,30,65536,96.59
linear,core,30,131072,197.12
linear,core,30,262144,396.33
linear,core,30,524288,812.50
linear,core,30,1048576,1589.20
linear,core,31,1,2.83
linear,core,31,2,2.91
linear,core,31,4,2.84
linear,core,31,8,2.89
linear,core,31,16,3.12
linear,core,31,32,3.52
linear,core,31,64,3.44
linear,core,31,128,7.34
linear,core,31,256,7.61
linear,core,31,512,8.02
linear,core,31,1024,10.77
linear,core,31,2048,13.33
linear,core,31,4096,18.42
linear,core,31,8192,27.33
linear,core,31,16384,22.68
linear,core,31,32768,46.15
linear,core,31,65536,95.03
linear,core,31,131072,194.93
linear,core,31,262144,392.69
linear,core,31,524288,798.69
linear,core,31,1048576,1569.04
linear,core,32,1,3.32
linear,core,32,2,3.33
linear,core,32,4,3.33
linear,core,32,8,3.33
linear,core,32,16,3.32
linear,core,32,32,3.86
linear,core,32,64,3.70
linear,core,32,128,7.70
linear,core,32,256,8.00
linear,core,32,512,8.38
linear,core,32,1024,11.29
linear,core,32,2048,14.10
linear,core,32,4096,19.41
linear,core,32,8192,28.55
linear,core,32,16384,18.96
linear,core,32,32768,40.08
linear,core,32,65536,89.87
linear,core,32,131072,193.67
linear,core,32,262144,393.69
linear,core,32,524288,790.90
linear,core,32,1048576,1528.96
linear,core,33,1,4.91
linear,core,33,2,4.91
linear,core,33,4,4.93
linear,core,33,8,5.09
linear,core,33,16,4.92
linear,core,33,32,5.35
linear,core,33,64,5.10
linear,core,33,128,9.39
linear,core,33,256,9.66
linear,core,33,512,10.05
linear,core,33,1024,13.00
linear,core,33,2048,15.79
linear,core,33,4096,20.91
linear,core,33,8192,29.76
linear,core,33,16384,24.54
linear,core,33,32768,48.06
linear,core,33,65536,97.96
linear,core,33,131072,199.84
linear,core,33,262144,396.00
linear,core,33,524288,792.73
linear,core,33,1048576,1521.25
linear,core,34,1,4.82
linear,core,34,2,4.83
linear,core,34,4,4.84
linear,core,34,8,5.04
linear,core,34,16,4.98
linear,core,34,32,5.37
linear,core,34,64,5.11
linear,core,34,128,9.34
linear,core,34,256,9.57
linear,core,34,512,10.15
linear,core,34,1024,13.02
linear,core,34,2048,15.77
linear,core,34,4096,20.94
linear,core,34,8192,30.34
linear,core,34,16384,24.02
linear,core,34,32768,47.69
linear,core,34,65536,96.20
linear,core,34,131072,201.67
linear,core,34,262144,399.27
linear,core,34,524288,799.59
linear,core,34,1048576,1346.47
linear,core,35,1,4.63
linear,core,35,2,4.70
linear,core,35,4,4.64
linear,core,35,8,4.87
linear,core,35,16,4.75
linear,core,35,32,5.22
linear,core,35,64,4.98
linear,core,35,128,9.23
linear,core,35,256,9.46
linear,core,35,512,9.94
linear,core,35,1024,12.93
linear,core,35,2048,15.59
linear,core,35,4096,21.08
linear,core,35,8192,30.95
linear,core,35,16384,24.02
linear,core,35,32768,46.49
linear,core,35,65536,95.81
linear,core,35,131072,200.83
linear,core,35,262144,400.16
linear,core,35,524288,744.13
linear,core,35,1048576,1473.44
linear,core,36,1,4.57
linear,core,36,2,4.57
linear,core,36,4,4.54
linear,core,36,8,4.93
linear,core,36,16,4.58
linear,core,36,32,5.19
linear,core,36,64,4.95
linear,core,36,128,9.15
linear,core,36,256,9.47
linear,core,36,512,9.90
linear,core,36,1024,13.03
linear,core,36,2048,15.90
linear,core,36,4096,21.59
linear,core,36,8192,31.54
linear,core,36,16384,23.65
linear,core,36,32768,45.73
linear,core,36,65536,93.41
linear,core,36,131072,155.35
linear,core,36,262144,302.14
linear,core,36,524288,659.92
linear,core,36,1048576,1413.70
linear,core,37,1,4.18
linear,core,37,2,4.24
linear,core,37,4,4.22
linear,core,37,8,4.51
linear,core,37,16,4.22
linear,core,37,32,4.78
linear,core,37,64,4.64
linear,core,37,128,8.54
linear,core,37,256,8.98
linear,core,37,512,9.39
linear,core,37,1024,12.81
linear,core,37,2048,15.68
linear,core,37,4096,21.61
linear,core,37,8192,31.97
linear,core,37,16384,24.43
linear,core,37,32768,47.06
linear,core,37,65536,94.74
linear,core,37,131072,202.72
linear,core,37,262144,343.19
linear,core,37,524288,684.36
linear,core,37,1048576,1424.53
linear,core,38,1,4.22
linear,core,38,2,4.24
linear,core,38,4,4.22
linear,core,38,8,4.55
linear,core,38,16,4.22
linear,core,38,32,4.72
linear,core,38,64,4.65
linear,core,38,128,8.70
linear,core,38,256,9.07
linear,core,38,512,9.50
linear,core,38,1024,12.70
linear,core,38,2048,16.00
linear,core,38,4096,22.26
linear,core,38,8192,32.84
linear,core,38,16384,24.16
linear,core,38,32768,46.38
linear,core,38,65536,94.87
linear,core,38,131072,202.01
linear,core,38,262144,332.32
linear,core,38,524288,685.69
linear,core,38,1048576,1424.84
linear,core,39,1,4.13
linear,core,39,2,4.11
linear,core,39,4,4.09
linear,core,39,8,4.42
linear,core,39,16,4.11
linear,core,39,32,4.58
linear,core,39,64,4.62
linear,core,39,128,8.66
linear,core,39,256,9.05
linear,core,39,512,9.65
linear,core,39,1024,12.85
linear,core,39,2048,16.23
linear,core,39,4096,22.60
linear,core,39,8192,33.47
linear,core,39,16384,24.87
linear,core,39,32768,47.02
linear,core,39,65536,95.70
linear,core,39,131072,208.33
linear,core,39,262144,413.78
linear,core,39,524288,830.74
linear,core,39,1048576,1599.78
linear,core,40,1,4.22
linear,core,40,2,4.25
linear,core,40,4,4.23
linear,core,40,8,4.59
linear,core,40,16,4.24
linear,core,40,32,4.70
linear,core,40,64,4.73
linear,core,40,128,8.86
linear,core,40,256,9.30
linear,core,40,512,9.70
linear,core,40,1024,13.13
linear,core,40,2048,16.67
linear,core,40,4096,23.53
linear,core,40,8192,34.49
linear,core,40,16384,25.21
linear,core,40,32768,47.62
linear,core,40,65536,94.59
linear,core,40,131072,207.48
linear,core,40,262144,413.23
linear,core,40,524288,825.68
linear,core,40,1048576,1605.92
linear,core,41,1,4.52
linear,core,41,2,4.58
linear,core,41,4,4.54
linear,core,41,8,4.90
linear,core,41,16,4.55
linear,core,41,32,4.94
linear,core,41,64,4.98
linear,core,41,128,9.33
linear,core,41,256,9.71
linear,core,41,512,10.17
linear,core,41,1024,13.56
linear,core,41,2048,17.03
linear,core,41,4096,24.10
linear,core,41,8192,35.08
linear,core,41,16384,24.18
linear,core,41,32768,47.31
linear,core,41,65536,95.39
linear,core,41,131072,211.88
linear,core,41,262144,423.82
linear,core,41,524288,856.88
linear,core,41,1048576,1650.20
linear,core,42,1,4.44
linear,core,42,2,4.47
linear,core,42,4,4.55
linear,core,42,8,4.54
linear,core,42,16,4.45
linear,core,42,32,4.84
linear,core,42,64,4.92
linear,core,42,128,9.34
linear,core,42,256,9.73
linear,core,42,512,10.22
linear,core,42,1024,13.60
linear,core,42,2048,17.69
linear,core,42,4096,25.44
linear,core,42,8192,36.76
linear,core,42,16384,24.75
linear,core,42,32768,47.36
linear,core,42,65536,95.60
linear,core,42,131072,216.27
linear,core,42,262144,433.49
linear,core,42,524288,871.26
linear,core,42,1048576,1694.90
linear,core,43,1,4.40
linear,core,43,2,4.39
linear,core,43,4,4.60
linear,core,43,8,4.51
linear,core,43,16,4.43
linear,core,43,32,4.82
linear,core,43,64,4.88
linear,core,43,128,9.39
linear,core,43,256,9.77
linear,core,43,512,10.24
linear,core,43,1024,13.82
linear,core,43,2048,17.67
linear,core,43,4096,25.11
linear,core,43,8192,36.54
linear,core,43,16384,25.07
linear,core,43,32768,48.11
linear,core,43,65536,97.11
linear,core,43,131072,220.81
linear,core,43,262144,440.28
linear,core,43,524288,889.41
linear,core,43,1048576,1679.17
linear,core,44,1,4.45
linear,core,44,2,4.46
linear,core,44,4,4.48
linear,core,44,8,4.56
linear,core,44,16,4.47
linear,core,44,32,4.85
linear,core,44,64,5.03
linear,core,44,128,9.55
linear,core,44,256,9.96
linear,core,44,512,10.51
linear,core,44,1024,13.97
linear,core,44,2048,17.65
linear,core,44,4096,25.40
linear,core,44,8192,37.97
linear,core,44,16384,25.83
linear,core,44,32768,48.99
linear,core,44,65536,98.94
linear,core,44,131072,225.03
linear,core,44,262144,447.89
linear,core,44,524288,812.76
linear,core,44,1048576,1659.88
linear,core,45,1,4.49
linear,core,45,2,4.47
linear,core,45,4,4.61
linear,core,45,8,4.72
linear,core,45,16,4.48
linear,core,45,32,4.94
linear,core,45,64,5.31
linear,core,45,128,9.66
linear,core,45,256,10.06
linear,core,45,512,10.58
linear,core,45,1024,14.20
linear,core,45,2048,18.41
linear,core,45,4096,26.87
linear,core,45,8192,38.94
linear,core,45,16384,26.85
linear,core,45,32768,50.70
linear,core,45,65536,99.64
linear,core,45,131072,230.11
linear,core,45,262144,458.65
linear,core,45,524288,922.19
linear,core,45,1048576,1798.93
linear,core,46,1,4.79
linear,core,46,2,4.82
linear,core,46,4,4.95
linear,core,46,8,5.09
linear,core,46,16,4.81
linear,core,46,32,5.19
linear,core,46,64,5.53
linear,core,46,128,10.19
linear,core,46,256,10.56
linear,core,46,512,11.22
linear,core,46,1024,14.71
linear,core,46,2048,18.68
linear,core,46,4096,26.70
linear,core,46,8192,39.49
linear,core,46,16384,27.52
linear,core,46,32768,52.67
linear,core,46,65536,102.24
linear,core,46,131072,236.06
linear,core,46,262144,471.63
linear,core,46,524288,943.64
linear,core,46,1048576,1836.54
linear,core,47,1,4.99
linear,core,47,2,5.00
linear,core,47,4,5.26
linear,core,47,8,5.04
linear,core,47,16,5.02
linear,core,47,32,5.42
linear,core,47,64,5.75
linear,core,47,128,10.54
linear,core,47,256,10.92
linear,core,47,512,11.44
linear,core,47,1024,15.12
linear,core,47,2048,19.21
linear,core,47,4096,27.35
linear,core,47,8192,39.67
linear,core,47,16384,26.14
linear,core,47,32768,42.70
linear,core,47,65536,92.92
linear,core,47,131072,231.22
linear,core,47,262144,472.68
linear,core,47,524288,946.75
linear,core,47,1048576,1867.91
linear,core,48,1,5.14
linear,core,48,2,5.10
linear,core,48,4,5.29
linear,core,48,8,5.08
linear,core,48,16,5.06
linear,core,48,32,5.68
linear,core,48,64,5.85
linear,core,48,128,10.61
linear,core,48,256,10.96
linear,core,48,512,11.52
linear,core,48,1024,15.29
linear,core,48,2048,19.49
linear,core,48,4096,27.98
linear,core,48,8192,40.61
linear,core,48,16384,28.02
linear,core,48,32768,53.34
linear,core,48,65536,104.15
linear,core,48,131072,246.85
linear,core,48,262144,491.50
linear,core,48,524288,997.20
linear,core,48,1048576,1796.86
linear,socket,1,thin001.hpc.rd.areasciencepark.it:rank0.osu_bcast:,Failed
linear,socket,1,thin001.hpc.rd.areasciencepark.it:rank0.osu_bcast:,Failed
linear,socket,1,thin001.hpc.rd.areasciencepark.it:rank0.osu_bcast:,Failed
linear,socket,1,thin001.hpc.rd.areasciencepark.it:rank0.osu_bcast:,Failed
linear,socket,2,1,0.39
linear,socket,2,2,0.37
linear,socket,2,4,0.36
linear,socket,2,8,0.35
linear,socket,2,16,0.35
linear,socket,2,32,0.44
linear,socket,2,64,0.46
linear,socket,2,128,0.75
linear,socket,2,256,0.78
linear,socket,2,512,0.89
linear,socket,2,1024,1.03
linear,socket,2,2048,1.31
linear,socket,2,4096,1.99
linear,socket,2,8192,3.23
linear,socket,2,16384,3.59
linear,socket,2,32768,5.81
linear,socket,2,65536,7.52
linear,socket,2,131072,10.52
linear,socket,2,262144,16.15
linear,socket,2,524288,29.50
linear,socket,2,1048576,60.28
linear,socket,3,1,0.64
linear,socket,3,2,0.61
linear,socket,3,4,0.59
linear,socket,3,8,0.58
linear,socket,3,16,0.58
linear,socket,3,32,0.69
linear,socket,3,64,0.72
linear,socket,3,128,1.13
linear,socket,3,256,1.16
linear,socket,3,512,1.29
linear,socket,3,1024,1.61
linear,socket,3,2048,2.10
linear,socket,3,4096,2.96
linear,socket,3,8192,4.53
linear,socket,3,16384,6.33
linear,socket,3,32768,10.78
linear,socket,3,65536,15.51
linear,socket,3,131072,23.79
linear,socket,3,262144,38.63
linear,socket,3,524288,77.40
linear,socket,3,1048576,152.17
linear,socket,4,1,0.31
linear,socket,4,2,0.31
linear,socket,4,4,0.34
linear,socket,4,8,0.34
linear,socket,4,16,0.31
linear,socket,4,32,0.62
linear,socket,4,64,0.57
linear,socket,4,128,1.05
linear,socket,4,256,1.09
linear,socket,4,512,1.26
linear,socket,4,1024,1.52
linear,socket,4,2048,2.34
linear,socket,4,4096,3.59
linear,socket,4,8192,5.72
linear,socket,4,16384,8.60
linear,socket,4,32768,13.18
linear,socket,4,65536,20.75
linear,socket,4,131072,37.20
linear,socket,4,262144,71.49
linear,socket,4,524288,154.76
linear,socket,4,1048576,319.08
linear,socket,5,1,0.54
linear,socket,5,2,0.51
linear,socket,5,4,0.47
linear,socket,5,8,0.48
linear,socket,5,16,0.49
linear,socket,5,32,0.66
linear,socket,5,64,0.64
linear,socket,5,128,1.24
linear,socket,5,256,1.32
linear,socket,5,512,1.49
linear,socket,5,1024,1.86
linear,socket,5,2048,2.78
linear,socket,5,4096,4.22
linear,socket,5,8192,6.64
linear,socket,5,16384,9.81
linear,socket,5,32768,15.24
linear,socket,5,65536,28.17
linear,socket,5,131072,55.95
linear,socket,5,262144,110.85
linear,socket,5,524288,221.49
linear,socket,5,1048576,394.14
linear,socket,6,1,0.70
linear,socket,6,2,0.66
linear,socket,6,4,0.63
linear,socket,6,8,0.63
linear,socket,6,16,0.63
linear,socket,6,32,0.70
linear,socket,6,64,0.76
linear,socket,6,128,1.62
linear,socket,6,256,1.68
linear,socket,6,512,1.87
linear,socket,6,1024,2.37
linear,socket,6,2048,3.44
linear,socket,6,4096,5.10
linear,socket,6,8192,7.91
linear,socket,6,16384,11.37
linear,socket,6,32768,18.42
linear,socket,6,65536,34.07
linear,socket,6,131072,67.54
linear,socket,6,262144,133.20
linear,socket,6,524288,265.65
linear,socket,6,1048576,476.27
linear,socket,7,1,0.68
linear,socket,7,2,0.69
linear,socket,7,4,0.68
linear,socket,7,8,0.69
linear,socket,7,16,0.67
linear,socket,7,32,0.75
linear,socket,7,64,0.82
linear,socket,7,128,1.71
linear,socket,7,256,1.77
linear,socket,7,512,1.98
linear,socket,7,1024,2.61
linear,socket,7,2048,3.71
linear,socket,7,4096,5.51
linear,socket,7,8192,8.39
linear,socket,7,16384,12.04
linear,socket,7,32768,18.36
linear,socket,7,65536,27.05
linear,socket,7,131072,53.06
linear,socket,7,262144,122.23
linear,socket,7,524288,274.62
linear,socket,7,1048576,502.83
linear,socket,8,1,1.15
linear,socket,8,2,1.13
linear,socket,8,4,1.14
linear,socket,8,8,1.13
linear,socket,8,16,1.15
linear,socket,8,32,1.36
linear,socket,8,64,1.35
linear,socket,8,128,2.52
linear,socket,8,256,2.58
linear,socket,8,512,2.80
linear,socket,8,1024,3.54
linear,socket,8,2048,4.97
linear,socket,8,4096,6.64
linear,socket,8,8192,10.18
linear,socket,8,16384,13.19
linear,socket,8,32768,21.98
linear,socket,8,65536,42.33
linear,socket,8,131072,87.06
linear,socket,8,262144,176.63
linear,socket,8,524288,359.89
linear,socket,8,1048576,607.66
linear,socket,9,1,1.45
linear,socket,9,2,1.32
linear,socket,9,4,1.32
linear,socket,9,8,1.30
linear,socket,9,16,1.32
linear,socket,9,32,1.45
linear,socket,9,64,1.50
linear,socket,9,128,2.78
linear,socket,9,256,2.85
linear,socket,9,512,3.12
linear,socket,9,1024,4.43
linear,socket,9,2048,5.24
linear,socket,9,4096,7.23
linear,socket,9,8192,10.96
linear,socket,9,16384,15.40
linear,socket,9,32768,25.46
linear,socket,9,65536,48.03
linear,socket,9,131072,98.38
linear,socket,9,262144,198.02
linear,socket,9,524288,393.69
linear,socket,9,1048576,696.15
linear,socket,10,1,1.68
linear,socket,10,2,1.48
linear,socket,10,4,1.43
linear,socket,10,8,1.42
linear,socket,10,16,1.42
linear,socket,10,32,1.63
linear,socket,10,64,1.56
linear,socket,10,128,3.02
linear,socket,10,256,3.11
linear,socket,10,512,3.80
linear,socket,10,1024,4.66
linear,socket,10,2048,5.73
linear,socket,10,4096,8.02
linear,socket,10,8192,12.05
linear,socket,10,16384,16.12
linear,socket,10,32768,27.27
linear,socket,10,65536,53.63
linear,socket,10,131072,109.12
linear,socket,10,262144,220.71
linear,socket,10,524288,439.13
linear,socket,10,1048576,657.89
linear,socket,11,1,1.42
linear,socket,11,2,1.34
linear,socket,11,4,1.33
linear,socket,11,8,1.32
linear,socket,11,16,1.33
linear,socket,11,32,1.50
linear,socket,11,64,1.46
linear,socket,11,128,2.89
linear,socket,11,256,2.98
linear,socket,11,512,3.25
linear,socket,11,1024,4.67
linear,socket,11,2048,5.68
linear,socket,11,4096,8.09
linear,socket,11,8192,12.38
linear,socket,11,16384,17.53
linear,socket,11,32768,28.65
linear,socket,11,65536,55.83
linear,socket,11,131072,116.36
linear,socket,11,262144,233.39
linear,socket,11,524288,463.68
linear,socket,11,1048576,681.52
linear,socket,12,1,1.74
linear,socket,12,2,1.58
linear,socket,12,4,1.50
linear,socket,12,8,1.50
linear,socket,12,16,1.51
linear,socket,12,32,1.71
linear,socket,12,64,1.63
linear,socket,12,128,3.30
linear,socket,12,256,3.54
linear,socket,12,512,3.68
linear,socket,12,1024,5.13
linear,socket,12,2048,6.52
linear,socket,12,4096,9.10
linear,socket,12,8192,13.74
linear,socket,12,16384,18.58
linear,socket,12,32768,31.30
linear,socket,12,65536,61.19
linear,socket,12,131072,125.73
linear,socket,12,262144,253.53
linear,socket,12,524288,505.49
linear,socket,12,1048576,759.58
linear,socket,13,1,1.41
linear,socket,13,2,1.36
linear,socket,13,4,1.36
linear,socket,13,8,1.34
linear,socket,13,16,1.36
linear,socket,13,32,1.58
linear,socket,13,64,1.52
linear,socket,13,128,3.37
linear,socket,13,256,3.46
linear,socket,13,512,4.00
linear,socket,13,1024,5.33
linear,socket,13,2048,6.63
linear,socket,13,4096,9.34
linear,socket,13,8192,14.25
linear,socket,13,16384,19.76
linear,socket,13,32768,32.88
linear,socket,13,65536,65.15
linear,socket,13,131072,135.04
linear,socket,13,262144,276.18
linear,socket,13,524288,549.21
linear,socket,13,1048576,812.82
linear,socket,14,1,1.53
linear,socket,14,2,1.49
linear,socket,14,4,1.48
linear,socket,14,8,1.47
linear,socket,14,16,1.48
linear,socket,14,32,1.71
linear,socket,14,64,1.62
linear,socket,14,128,3.56
linear,socket,14,256,3.87
linear,socket,14,512,3.96
linear,socket,14,1024,5.73
linear,socket,14,2048,7.02
linear,socket,14,4096,9.94
linear,socket,14,8192,15.23
linear,socket,14,16384,20.73
linear,socket,14,32768,36.06
linear,socket,14,65536,70.73
linear,socket,14,131072,144.40
linear,socket,14,262144,296.00
linear,socket,14,524288,589.95
linear,socket,14,1048576,991.42
linear,socket,15,1,1.42
linear,socket,15,2,1.42
linear,socket,15,4,1.42
linear,socket,15,8,1.40
linear,socket,15,16,1.42
linear,socket,15,32,1.62
linear,socket,15,64,1.56
linear,socket,15,128,3.65
linear,socket,15,256,3.82
linear,socket,15,512,4.37
linear,socket,15,1024,6.10
linear,socket,15,2048,7.19
linear,socket,15,4096,10.30
linear,socket,15,8192,15.89
linear,socket,15,16384,21.50
linear,socket,15,32768,38.03
linear,socket,15,65536,76.66
linear,socket,15,131072,157.49
linear,socket,15,262144,296.72
linear,socket,15,524288,528.36
linear,socket,15,1048576,1065.75
linear,socket,16,1,1.76
linear,socket,16,2,1.77
linear,socket,16,4,1.76
linear,socket,16,8,1.77
linear,socket,16,16,1.78
linear,socket,16,32,1.98
linear,socket,16,64,1.93
linear,socket,16,128,4.38
linear,socket,16,256,4.54
linear,socket,16,512,4.80
linear,socket,16,1024,6.59
linear,socket,16,2048,8.19
linear,socket,16,4096,11.42
linear,socket,16,8192,17.48
linear,socket,16,16384,23.59
linear,socket,16,32768,40.75
linear,socket,16,65536,81.85
linear,socket,16,131072,169.63
linear,socket,16,262144,342.17
linear,socket,16,524288,683.24
linear,socket,16,1048576,1270.59
linear,socket,17,1,2.20
linear,socket,17,2,2.07
linear,socket,17,4,2.07
linear,socket,17,8,2.07
linear,socket,17,16,2.09
linear,socket,17,32,2.24
linear,socket,17,64,2.25
linear,socket,17,128,4.63
linear,socket,17,256,4.79
linear,socket,17,512,5.09
linear,socket,17,1024,7.17
linear,socket,17,2048,8.71
linear,socket,17,4096,12.00
linear,socket,17,8192,18.29
linear,socket,17,16384,25.70
linear,socket,17,32768,43.73
linear,socket,17,65536,88.39
linear,socket,17,131072,180.32
linear,socket,17,262144,363.62
linear,socket,17,524288,723.49
linear,socket,17,1048576,1166.79
linear,socket,18,1,2.05
linear,socket,18,2,2.02
linear,socket,18,4,2.02
linear,socket,18,8,2.02
linear,socket,18,16,2.02
linear,socket,18,32,2.22
linear,socket,18,64,2.16
linear,socket,18,128,4.80
linear,socket,18,256,5.11
linear,socket,18,512,5.23
linear,socket,18,1024,7.47
linear,socket,18,2048,9.08
linear,socket,18,4096,12.62
linear,socket,18,8192,19.17
linear,socket,18,16384,26.66
linear,socket,18,32768,45.21
linear,socket,18,65536,91.36
linear,socket,18,131072,152.63
linear,socket,18,262144,287.96
linear,socket,18,524288,599.73
linear,socket,18,1048576,1236.14
linear,socket,19,1,2.00
linear,socket,19,2,2.00
linear,socket,19,4,2.01
linear,socket,19,8,2.00
linear,socket,19,16,2.02
linear,socket,19,32,2.26
linear,socket,19,64,2.21
linear,socket,19,128,4.96
linear,socket,19,256,4.96
linear,socket,19,512,5.33
linear,socket,19,1024,7.56
linear,socket,19,2048,9.21
linear,socket,19,4096,12.98
linear,socket,19,8192,19.88
linear,socket,19,16384,27.57
linear,socket,19,32768,47.51
linear,socket,19,65536,93.96
linear,socket,19,131072,193.10
linear,socket,19,262144,388.52
linear,socket,19,524288,705.64
linear,socket,19,1048576,1396.35
linear,socket,20,1,2.18
linear,socket,20,2,2.18
linear,socket,20,4,2.18
linear,socket,20,8,2.17
linear,socket,20,16,2.21
linear,socket,20,32,2.38
linear,socket,20,64,2.33
linear,socket,20,128,5.07
linear,socket,20,256,5.13
linear,socket,20,512,5.60
linear,socket,20,1024,7.94
linear,socket,20,2048,9.84
linear,socket,20,4096,13.58
linear,socket,20,8192,20.78
linear,socket,20,16384,29.54
linear,socket,20,32768,49.06
linear,socket,20,65536,76.87
linear,socket,20,131072,137.06
linear,socket,20,262144,305.05
linear,socket,20,524288,714.76
linear,socket,20,1048576,1480.87
linear,socket,21,1,2.21
linear,socket,21,2,2.22
linear,socket,21,4,2.21
linear,socket,21,8,2.20
linear,socket,21,16,2.21
linear,socket,21,32,2.41
linear,socket,21,64,2.35
linear,socket,21,128,5.46
linear,socket,21,256,5.38
linear,socket,21,512,5.74
linear,socket,21,1024,8.23
linear,socket,21,2048,10.12
linear,socket,21,4096,14.15
linear,socket,21,8192,21.76
linear,socket,21,16384,29.85
linear,socket,21,32768,52.54
linear,socket,21,65536,108.95
linear,socket,21,131072,225.87
linear,socket,21,262144,456.15
linear,socket,21,524288,906.43
linear,socket,21,1048576,1698.14
linear,socket,22,1,2.24
linear,socket,22,2,2.26
linear,socket,22,4,2.27
linear,socket,22,8,2.26
linear,socket,22,16,2.26
linear,socket,22,32,2.50
linear,socket,22,64,2.42
linear,socket,22,128,5.68
linear,socket,22,256,5.63
linear,socket,22,512,5.97
linear,socket,22,1024,8.60
linear,socket,22,2048,10.63
linear,socket,22,4096,14.88
linear,socket,22,8192,22.78
linear,socket,22,16384,31.16
linear,socket,22,32768,54.13
linear,socket,22,65536,112.08
linear,socket,22,131072,229.80
linear,socket,22,262144,462.07
linear,socket,22,524288,916.49
linear,socket,22,1048576,1736.20
linear,socket,23,1,2.21
linear,socket,23,2,2.24
linear,socket,23,4,2.23
linear,socket,23,8,2.23
linear,socket,23,16,2.23
linear,socket,23,32,2.48
linear,socket,23,64,2.38
linear,socket,23,128,5.53
linear,socket,23,256,5.56
linear,socket,23,512,6.05
linear,socket,23,1024,8.68
linear,socket,23,2048,10.78
linear,socket,23,4096,15.09
linear,socket,23,8192,23.09
linear,socket,23,16384,32.99
linear,socket,23,32768,56.80
linear,socket,23,65536,117.09
linear,socket,23,131072,246.26
linear,socket,23,262144,497.21
linear,socket,23,524288,995.87
linear,socket,23,1048576,1884.49
linear,socket,24,1,2.46
linear,socket,24,2,2.48
linear,socket,24,4,2.47
linear,socket,24,8,2.47
linear,socket,24,16,2.49
linear,socket,24,32,2.71
linear,socket,24,64,2.64
linear,socket,24,128,6.10
linear,socket,24,256,6.12
linear,socket,24,512,6.51
linear,socket,24,1024,9.40
linear,socket,24,2048,11.57
linear,socket,24,4096,16.10
linear,socket,24,8192,24.65
linear,socket,24,16384,33.35
linear,socket,24,32768,57.98
linear,socket,24,65536,119.82
linear,socket,24,131072,245.68
linear,socket,24,262144,497.91
linear,socket,24,524288,990.70
linear,socket,24,1048576,1860.37
linear,socket,25,1,2.05
linear,socket,25,2,2.05
linear,socket,25,4,2.06
linear,socket,25,8,2.05
linear,socket,25,16,2.07
linear,socket,25,32,2.45
linear,socket,25,64,2.25
linear,socket,25,128,5.56
linear,socket,25,256,5.75
linear,socket,25,512,6.12
linear,socket,25,1024,9.01
linear,socket,25,2048,11.32
linear,socket,25,4096,16.35
linear,socket,25,8192,25.13
linear,socket,25,16384,32.09
linear,socket,25,32768,55.02
linear,socket,25,65536,115.12
linear,socket,25,131072,236.19
linear,socket,25,262144,476.08
linear,socket,25,524288,942.36
linear,socket,25,1048576,1806.75
linear,socket,26,1,2.21
linear,socket,26,2,2.24
linear,socket,26,4,2.23
linear,socket,26,8,2.23
linear,socket,26,16,2.30
linear,socket,26,32,2.60
linear,socket,26,64,2.49
linear,socket,26,128,6.00
linear,socket,26,256,6.19
linear,socket,26,512,6.67
linear,socket,26,1024,9.63
linear,socket,26,2048,12.12
linear,socket,26,4096,16.99
linear,socket,26,8192,25.88
linear,socket,26,16384,32.45
linear,socket,26,32768,55.31
linear,socket,26,65536,115.48
linear,socket,26,131072,241.12
linear,socket,26,262144,488.78
linear,socket,26,524288,979.70
linear,socket,26,1048576,1862.37
linear,socket,27,1,2.13
linear,socket,27,2,2.16
linear,socket,27,4,2.16
linear,socket,27,8,2.15
linear,socket,27,16,2.35
linear,socket,27,32,2.49
linear,socket,27,64,2.41
linear,socket,27,128,5.98
linear,socket,27,256,6.19
linear,socket,27,512,6.61
linear,socket,27,1024,9.66
linear,socket,27,2048,12.47
linear,socket,27,4096,17.27
linear,socket,27,8192,26.50
linear,socket,27,16384,31.14
linear,socket,27,32768,56.70
linear,socket,27,65536,114.46
linear,socket,27,131072,233.55
linear,socket,27,262144,469.81
linear,socket,27,524288,778.26
linear,socket,27,1048576,1556.56
linear,socket,28,1,2.23
linear,socket,28,2,2.26
linear,socket,28,4,2.27
linear,socket,28,8,2.26
linear,socket,28,16,2.33
linear,socket,28,32,2.61
linear,socket,28,64,2.50
linear,socket,28,128,6.18
linear,socket,28,256,6.39
linear,socket,28,512,6.82
linear,socket,28,1024,10.02
linear,socket,28,2048,12.91
linear,socket,28,4096,18.42
linear,socket,28,8192,28.12
linear,socket,28,16384,30.25
linear,socket,28,32768,51.45
linear,socket,28,65536,106.76
linear,socket,28,131072,223.01
linear,socket,28,262144,449.26
linear,socket,28,524288,894.34
linear,socket,28,1048576,1489.25
linear,socket,29,1,2.16
linear,socket,29,2,2.17
linear,socket,29,4,2.17
linear,socket,29,8,2.17
linear,socket,29,16,2.35
linear,socket,29,32,2.43
linear,socket,29,64,2.42
linear,socket,29,128,6.10
linear,socket,29,256,6.34
linear,socket,29,512,6.79
linear,socket,29,1024,10.02
linear,socket,29,2048,12.77
linear,socket,29,4096,18.09
linear,socket,29,8192,27.76
linear,socket,29,16384,30.19
linear,socket,29,32768,51.68
linear,socket,29,65536,102.48
linear,socket,29,131072,213.52
linear,socket,29,262144,368.54
linear,socket,29,524288,697.84
linear,socket,29,1048576,1428.73
linear,socket,30,1,2.26
linear,socket,30,2,2.31
linear,socket,30,4,2.32
linear,socket,30,8,2.31
linear,socket,30,16,2.46
linear,socket,30,32,2.55
linear,socket,30,64,2.59
linear,socket,30,128,6.40
linear,socket,30,256,6.67
linear,socket,30,512,7.11
linear,socket,30,1024,10.43
linear,socket,30,2048,13.42
linear,socket,30,4096,18.82
linear,socket,30,8192,28.87
linear,socket,30,16384,29.31
linear,socket,30,32768,49.74
linear,socket,30,65536,103.91
linear,socket,30,131072,217.93
linear,socket,30,262144,440.22
linear,socket,30,524288,778.57
linear,socket,30,1048576,1511.62
linear,socket,31,1,2.17
linear,socket,31,2,2.20
linear,socket,31,4,2.22
linear,socket,31,8,2.20
linear,socket,31,16,2.35
linear,socket,31,32,2.42
linear,socket,31,64,2.54
linear,socket,31,128,6.35
linear,socket,31,256,6.64
linear,socket,31,512,7.13
linear,socket,31,1024,10.45
linear,socket,31,2048,13.87
linear,socket,31,4096,19.63
linear,socket,31,8192,30.14
linear,socket,31,16384,29.75
linear,socket,31,32768,40.13
linear,socket,31,65536,67.52
linear,socket,31,131072,173.23
linear,socket,31,262144,383.62
linear,socket,31,524288,802.94
linear,socket,31,1048576,1593.61
linear,socket,32,1,3.23
linear,socket,32,2,3.34
linear,socket,32,4,3.35
linear,socket,32,8,3.44
linear,socket,32,16,3.40
linear,socket,32,32,3.93
linear,socket,32,64,3.75
linear,socket,32,128,7.61
linear,socket,32,256,7.92
linear,socket,32,512,8.43
linear,socket,32,1024,11.83
linear,socket,32,2048,15.02
linear,socket,32,4096,20.87
linear,socket,32,8192,31.20
linear,socket,32,16384,28.91
linear,socket,32,32768,48.86
linear,socket,32,65536,98.78
linear,socket,32,131072,211.63
linear,socket,32,262144,426.79
linear,socket,32,524288,856.27
linear,socket,32,1048576,1634.94
linear,socket,33,1,5.19
linear,socket,33,2,5.19
linear,socket,33,4,5.24
linear,socket,33,8,5.44
linear,socket,33,16,5.24
linear,socket,33,32,5.49
linear,socket,33,64,5.40
linear,socket,33,128,9.67
linear,socket,33,256,9.99
linear,socket,33,512,10.49
linear,socket,33,1024,13.93
linear,socket,33,2048,16.92
linear,socket,33,4096,22.78
linear,socket,33,8192,33.63
linear,socket,33,16384,31.74
linear,socket,33,32768,52.12
linear,socket,33,65536,100.83
linear,socket,33,131072,212.38
linear,socket,33,262144,426.72
linear,socket,33,524288,847.25
linear,socket,33,1048576,1621.22
linear,socket,34,1,5.10
linear,socket,34,2,5.09
linear,socket,34,4,5.10
linear,socket,34,8,5.27
linear,socket,34,16,5.09
linear,socket,34,32,5.38
linear,socket,34,64,5.35
linear,socket,34,128,9.48
linear,socket,34,256,9.86
linear,socket,34,512,10.38
linear,socket,34,1024,13.69
linear,socket,34,2048,16.87
linear,socket,34,4096,22.70
linear,socket,34,8192,33.86
linear,socket,34,16384,31.58
linear,socket,34,32768,52.10
linear,socket,34,65536,101.12
linear,socket,34,131072,211.99
linear,socket,34,262144,424.38
linear,socket,34,524288,839.41
linear,socket,34,1048576,1609.32
linear,socket,35,1,5.01
linear,socket,35,2,5.02
linear,socket,35,4,5.06
linear,socket,35,8,5.34
linear,socket,35,16,5.03
linear,socket,35,32,5.29
linear,socket,35,64,5.23
linear,socket,35,128,9.47
linear,socket,35,256,9.81
linear,socket,35,512,10.31
linear,socket,35,1024,13.86
linear,socket,35,2048,16.90
linear,socket,35,4096,22.87
linear,socket,35,8192,34.14
linear,socket,35,16384,31.10
linear,socket,35,32768,50.65
linear,socket,35,65536,99.56
linear,socket,35,131072,211.00
linear,socket,35,262144,423.96
linear,socket,35,524288,847.05
linear,socket,35,1048576,1604.89
linear,socket,36,1,5.05
linear,socket,36,2,5.03
linear,socket,36,4,5.02
linear,socket,36,8,5.33
linear,socket,36,16,5.02
linear,socket,36,32,5.29
linear,socket,36,64,5.28
linear,socket,36,128,9.56
linear,socket,36,256,9.94
linear,socket,36,512,10.46
linear,socket,36,1024,13.93
linear,socket,36,2048,17.39
linear,socket,36,4096,23.66
linear,socket,36,8192,35.39
linear,socket,36,16384,31.41
linear,socket,36,32768,51.52
linear,socket,36,65536,100.94
linear,socket,36,131072,215.77
linear,socket,36,262144,432.86
linear,socket,36,524288,861.69
linear,socket,36,1048576,1653.81
linear,socket,37,1,4.99
linear,socket,37,2,4.98
linear,socket,37,4,4.98
linear,socket,37,8,5.07
linear,socket,37,16,4.98
linear,socket,37,32,5.23
linear,socket,37,64,5.34
linear,socket,37,128,9.72
linear,socket,37,256,10.07
linear,socket,37,512,10.77
linear,socket,37,1024,14.15
linear,socket,37,2048,17.76
linear,socket,37,4096,24.13
linear,socket,37,8192,35.98
linear,socket,37,16384,31.09
linear,socket,37,32768,50.41
linear,socket,37,65536,98.81
linear,socket,37,131072,211.72
linear,socket,37,262144,424.87
linear,socket,37,524288,848.51
linear,socket,37,1048576,1634.59
linear,socket,38,1,4.98
linear,socket,38,2,5.00
linear,socket,38,4,5.28
linear,socket,38,8,5.12
linear,socket,38,16,5.00
linear,socket,38,32,5.20
linear,socket,38,64,5.36
linear,socket,38,128,9.73
linear,socket,38,256,10.06
linear,socket,38,512,10.66
linear,socket,38,1024,14.22
linear,socket,38,2048,17.65
linear,socket,38,4096,24.09
linear,socket,38,8192,36.11
linear,socket,38,16384,31.12
linear,socket,38,32768,51.21
linear,socket,38,65536,100.52
linear,socket,38,131072,220.14
linear,socket,38,262144,440.88
linear,socket,38,524288,879.40
linear,socket,38,1048576,1688.64
linear,socket,39,1,5.00
linear,socket,39,2,5.01
linear,socket,39,4,5.11
linear,socket,39,8,5.13
linear,socket,39,16,5.03
linear,socket,39,32,5.25
linear,socket,39,64,5.46
linear,socket,39,128,9.87
linear,socket,39,256,10.20
linear,socket,39,512,10.73
linear,socket,39,1024,14.39
linear,socket,39,2048,17.76
linear,socket,39,4096,24.45
linear,socket,39,8192,36.70
linear,socket,39,16384,30.70
linear,socket,39,32768,51.55
linear,socket,39,65536,101.83
linear,socket,39,131072,221.55
linear,socket,39,262144,445.60
linear,socket,39,524288,801.47
linear,socket,39,1048576,1580.64
linear,socket,40,1,5.08
linear,socket,40,2,5.11
linear,socket,40,4,5.14
linear,socket,40,8,5.20
linear,socket,40,16,5.11
linear,socket,40,32,5.38
linear,socket,40,64,5.52
linear,socket,40,128,10.10
linear,socket,40,256,10.51
linear,socket,40,512,11.01
linear,socket,40,1024,14.68
linear,socket,40,2048,18.34
linear,socket,40,4096,25.41
linear,socket,40,8192,37.73
linear,socket,40,16384,31.13
linear,socket,40,32768,51.01
linear,socket,40,65536,100.45
linear,socket,40,131072,224.97
linear,socket,40,262144,451.22
linear,socket,40,524288,894.15
linear,socket,40,1048576,1708.15
linear,socket,41,1,5.01
linear,socket,41,2,5.05
linear,socket,41,4,5.37
linear,socket,41,8,5.15
linear,socket,41,16,5.06
linear,socket,41,32,5.34
linear,socket,41,64,5.58
linear,socket,41,128,9.92
linear,socket,41,256,10.30
linear,socket,41,512,10.89
linear,socket,41,1024,14.55
linear,socket,41,2048,18.37
linear,socket,41,4096,25.60
linear,socket,41,8192,38.06
linear,socket,41,16384,30.96
linear,socket,41,32768,51.15
linear,socket,41,65536,98.80
linear,socket,41,131072,221.27
linear,socket,41,262144,444.40
linear,socket,41,524288,890.91
linear,socket,41,1048576,1710.81
linear,socket,42,1,5.01
linear,socket,42,2,5.06
linear,socket,42,4,5.19
linear,socket,42,8,5.18
linear,socket,42,16,5.05
linear,socket,42,32,5.32
linear,socket,42,64,5.50
linear,socket,42,128,9.92
linear,socket,42,256,10.34
linear,socket,42,512,10.97
linear,socket,42,1024,14.67
linear,socket,42,2048,18.34
linear,socket,42,4096,25.67
linear,socket,42,8192,38.24
linear,socket,42,16384,31.17
linear,socket,42,32768,51.73
linear,socket,42,65536,101.05
linear,socket,42,131072,228.18
linear,socket,42,262144,459.46
linear,socket,42,524288,913.23
linear,socket,42,1048576,1768.65
linear,socket,43,1,4.92
linear,socket,43,2,4.90
linear,socket,43,4,5.09
linear,socket,43,8,5.08
linear,socket,43,16,4.94
linear,socket,43,32,5.13
linear,socket,43,64,5.56
linear,socket,43,128,10.07
linear,socket,43,256,10.42
linear,socket,43,512,10.98
linear,socket,43,1024,14.75
linear,socket,43,2048,18.77
linear,socket,43,4096,26.23
linear,socket,43,8192,38.88
linear,socket,43,16384,31.44
linear,socket,43,32768,52.44
linear,socket,43,65536,101.81
linear,socket,43,131072,229.44
linear,socket,43,262144,458.74
linear,socket,43,524288,920.21
linear,socket,43,1048576,1596.39
linear,socket,44,1,5.13
linear,socket,44,2,5.16
linear,socket,44,4,5.44
linear,socket,44,8,5.15
linear,socket,44,16,5.15
linear,socket,44,32,5.50
linear,socket,44,64,5.60
linear,socket,44,128,10.17
linear,socket,44,256,10.55
linear,socket,44,512,11.35
linear,socket,44,1024,15.09
linear,socket,44,2048,19.13
linear,socket,44,4096,27.05
linear,socket,44,8192,39.86
linear,socket,44,16384,31.83
linear,socket,44,32768,52.76
linear,socket,44,65536,101.43
linear,socket,44,131072,233.56
linear,socket,44,262144,469.07
linear,socket,44,524288,939.74
linear,socket,44,1048576,1767.31
linear,socket,45,1,4.95
linear,socket,45,2,4.96
linear,socket,45,4,5.23
linear,socket,45,8,4.97
linear,socket,45,16,4.98
linear,socket,45,32,5.19
linear,socket,45,64,5.41
linear,socket,45,128,10.05
linear,socket,45,256,10.41
linear,socket,45,512,11.02
linear,socket,45,1024,14.96
linear,socket,45,2048,18.96
linear,socket,45,4096,26.68
linear,socket,45,8192,39.95
linear,socket,45,16384,31.23
linear,socket,45,32768,53.43
linear,socket,45,65536,103.01
linear,socket,45,131072,239.10
linear,socket,45,262144,482.87
linear,socket,45,524288,962.94
linear,socket,45,1048576,1709.32
linear,socket,46,1,5.05
linear,socket,46,2,5.12
linear,socket,46,4,5.24
linear,socket,46,8,5.08
linear,socket,46,16,5.06
linear,socket,46,32,5.31
linear,socket,46,64,5.52
linear,socket,46,128,10.18
linear,socket,46,256,10.60
linear,socket,46,512,11.13
linear,socket,46,1024,15.04
linear,socket,46,2048,19.44
linear,socket,46,4096,27.44
linear,socket,46,8192,41.92
linear,socket,46,16384,31.69
linear,socket,46,32768,54.47
linear,socket,46,65536,104.93
linear,socket,46,131072,245.39
linear,socket,46,262144,490.15
linear,socket,46,524288,926.76
linear,socket,46,1048576,1808.73
linear,socket,47,1,5.20
linear,socket,47,2,5.19
linear,socket,47,4,5.24
linear,socket,47,8,5.33
linear,socket,47,16,5.23
linear,socket,47,32,5.45
linear,socket,47,64,5.73
linear,socket,47,128,10.34
linear,socket,47,256,10.83
linear,socket,47,512,11.43
linear,socket,47,1024,15.33
linear,socket,47,2048,19.70
linear,socket,47,4096,28.36
linear,socket,47,8192,42.36
linear,socket,47,16384,31.96
linear,socket,47,32768,54.37
linear,socket,47,65536,106.42
linear,socket,47,131072,251.59
linear,socket,47,262144,503.63
linear,socket,47,524288,1000.79
linear,socket,47,1048576,1942.07
linear,socket,48,1,5.25
linear,socket,48,2,5.31
linear,socket,48,4,5.50
linear,socket,48,8,5.28
linear,socket,48,16,5.30
linear,socket,48,32,5.55
linear,socket,48,64,5.81
linear,socket,48,128,10.59
linear,socket,48,256,10.99
linear,socket,48,512,11.59
linear,socket,48,1024,15.52
linear,socket,48,2048,20.11
linear,socket,48,4096,28.57
linear,socket,48,8192,42.63
linear,socket,48,16384,32.15
linear,socket,48,32768,55.00
linear,socket,48,65536,105.41
linear,socket,48,131072,252.46
linear,socket,48,262144,503.63
linear,socket,48,524288,1004.08
linear,socket,48,1048576,1903.37
linear,node,1,thin001.hpc.rd.areasciencepark.it:rank0.osu_bcast:,Failed
linear,node,1,thin001.hpc.rd.areasciencepark.it:rank0.osu_bcast:,Failed
linear,node,1,thin001.hpc.rd.areasciencepark.it:rank0.osu_bcast:,Failed
linear,node,1,thin001.hpc.rd.areasciencepark.it:rank0.osu_bcast:,Failed
linear,node,2,1,1.02
linear,node,2,2,1.01
linear,node,2,4,1.01
linear,node,2,8,1.01
linear,node,2,16,1.02
linear,node,2,32,1.05
linear,node,2,64,1.26
linear,node,2,128,1.11
linear,node,2,256,1.22
linear,node,2,512,1.27
linear,node,2,1024,1.39
linear,node,2,2048,1.76
linear,node,2,4096,3.19
linear,node,2,8192,3.86
linear,node,2,16384,5.54
linear,node,2,32768,9.20
linear,node,2,65536,11.79
linear,node,2,131072,17.16
linear,node,2,262144,27.99
linear,node,2,524288,49.86
linear,node,2,1048576,93.76
linear,node,3,1,1.19
linear,node,3,2,1.15
linear,node,3,4,1.16
linear,node,3,8,1.14
linear,node,3,16,1.16
linear,node,3,32,1.17
linear,node,3,64,1.48
linear,node,3,128,1.27
linear,node,3,256,1.46
linear,node,3,512,1.49
linear,node,3,1024,1.70
linear,node,3,2048,2.17
linear,node,3,4096,3.19
linear,node,3,8192,4.41
linear,node,3,16384,6.07
linear,node,3,32768,8.82
linear,node,3,65536,13.03
linear,node,3,131072,18.00
linear,node,3,262144,28.58
linear,node,3,524288,52.68
linear,node,3,1048576,103.30
linear,node,4,1,0.37
linear,node,4,2,0.34
linear,node,4,4,0.36
linear,node,4,8,0.34
linear,node,4,16,0.35
linear,node,4,32,0.47
linear,node,4,64,0.79
linear,node,4,128,0.78
linear,node,4,256,1.07
linear,node,4,512,1.19
linear,node,4,1024,1.46
linear,node,4,2048,2.14
linear,node,4,4096,3.37
linear,node,4,8192,5.03
linear,node,4,16384,6.02
linear,node,4,32768,9.94
linear,node,4,65536,14.88
linear,node,4,131072,24.68
linear,node,4,262144,43.53
linear,node,4,524288,83.81
linear,node,4,1048576,166.81
linear,node,5,1,0.52
linear,node,5,2,0.49
linear,node,5,4,0.48
linear,node,5,8,0.49
linear,node,5,16,0.49
linear,node,5,32,0.66
linear,node,5,64,0.86
linear,node,5,128,0.90
linear,node,5,256,1.15
linear,node,5,512,1.28
linear,node,5,1024,1.63
linear,node,5,2048,2.35
linear,node,5,4096,3.66
linear,node,5,8192,5.47
linear,node,5,16384,7.26
linear,node,5,32768,11.42
linear,node,5,65536,17.77
linear,node,5,131072,28.69
linear,node,5,262144,47.04
linear,node,5,524288,89.74
linear,node,5,1048576,179.88
linear,node,6,1,0.61
linear,node,6,2,0.54
linear,node,6,4,0.53
linear,node,6,8,0.54
linear,node,6,16,0.54
linear,node,6,32,0.67
linear,node,6,64,0.96
linear,node,6,128,1.02
linear,node,6,256,1.34
linear,node,6,512,1.44
linear,node,6,1024,1.80
linear,node,6,2048,2.60
linear,node,6,4096,4.12
linear,node,6,8192,6.11
linear,node,6,16384,7.76
linear,node,6,32768,11.80
linear,node,6,65536,19.02
linear,node,6,131072,30.78
linear,node,6,262144,60.86
linear,node,6,524288,116.46
linear,node,6,1048576,235.74
linear,node,7,1,0.69
linear,node,7,2,0.66
linear,node,7,4,0.67
linear,node,7,8,0.66
linear,node,7,16,0.67
linear,node,7,32,0.79
linear,node,7,64,1.05
linear,node,7,128,1.22
linear,node,7,256,1.51
linear,node,7,512,1.72
linear,node,7,1024,2.05
linear,node,7,2048,2.95
linear,node,7,4096,4.67
linear,node,7,8192,7.05
linear,node,7,16384,7.81
linear,node,7,32768,12.82
linear,node,7,65536,19.59
linear,node,7,131072,33.73
linear,node,7,262144,72.57
linear,node,7,524288,147.77
linear,node,7,1048576,285.42
linear,node,8,1,1.95
linear,node,8,2,1.94
linear,node,8,4,1.97
linear,node,8,8,1.97
linear,node,8,16,1.97
linear,node,8,32,2.14
linear,node,8,64,2.17
linear,node,8,128,2.65
linear,node,8,256,3.36
linear,node,8,512,3.22
linear,node,8,1024,3.60
linear,node,8,2048,4.70
linear,node,8,4096,6.44
linear,node,8,8192,9.31
linear,node,8,16384,9.54
linear,node,8,32768,15.10
linear,node,8,65536,22.65
linear,node,8,131072,38.88
linear,node,8,262144,86.10
linear,node,8,524288,169.26
linear,node,8,1048576,342.28
linear,node,9,1,2.28
linear,node,9,2,2.14
linear,node,9,4,2.14
linear,node,9,8,2.12
linear,node,9,16,2.14
linear,node,9,32,2.27
linear,node,9,64,2.63
linear,node,9,128,3.15
linear,node,9,256,3.37
linear,node,9,512,3.54
linear,node,9,1024,3.96
linear,node,9,2048,5.11
linear,node,9,4096,6.93
linear,node,9,8192,9.97
linear,node,9,16384,10.08
linear,node,9,32768,14.68
linear,node,9,65536,22.65
linear,node,9,131072,38.21
linear,node,9,262144,102.65
linear,node,9,524288,204.29
linear,node,9,1048576,336.03
linear,node,10,1,1.92
linear,node,10,2,1.93
linear,node,10,4,1.95
linear,node,10,8,1.95
linear,node,10,16,1.96
linear,node,10,32,2.06
linear,node,10,64,2.21
linear,node,10,128,2.75
linear,node,10,256,3.43
linear,node,10,512,3.32
linear,node,10,1024,3.83
linear,node,10,2048,5.02
linear,node,10,4096,6.99
linear,node,10,8192,10.22
linear,node,10,16384,10.26
linear,node,10,32768,15.02
linear,node,10,65536,23.86
linear,node,10,131072,41.74
linear,node,10,262144,112.14
linear,node,10,524288,222.39
linear,node,10,1048576,420.01
linear,node,11,1,1.60
linear,node,11,2,1.64
linear,node,11,4,1.64
linear,node,11,8,1.66
linear,node,11,16,1.66
linear,node,11,32,1.72
linear,node,11,64,1.89
linear,node,11,128,2.33
linear,node,11,256,3.14
linear,node,11,512,2.98
linear,node,11,1024,3.53
linear,node,11,2048,4.77
linear,node,11,4096,6.79
linear,node,11,8192,10.07
linear,node,11,16384,9.98
linear,node,11,32768,15.45
linear,node,11,65536,24.59
linear,node,11,131072,43.01
linear,node,11,262144,123.47
linear,node,11,524288,244.17
linear,node,11,1048576,454.79
linear,node,12,1,2.18
linear,node,12,2,2.14
linear,node,12,4,2.14
linear,node,12,8,2.15
linear,node,12,16,2.16
linear,node,12,32,2.32
linear,node,12,64,2.61
linear,node,12,128,3.48
linear,node,12,256,3.61
linear,node,12,512,3.84
linear,node,12,1024,4.41
linear,node,12,2048,5.87
linear,node,12,4096,8.21
linear,node,12,8192,12.18
linear,node,12,16384,11.20
linear,node,12,32768,16.89
linear,node,12,65536,26.95
linear,node,12,131072,47.19
linear,node,12,262144,132.59
linear,node,12,524288,262.57
linear,node,12,1048576,480.34
linear,node,13,1,1.94
linear,node,13,2,2.03
linear,node,13,4,2.02
linear,node,13,8,2.03
linear,node,13,16,2.02
linear,node,13,32,2.18
linear,node,13,64,2.43
linear,node,13,128,3.28
linear,node,13,256,3.48
linear,node,13,512,3.72
linear,node,13,1024,4.44
linear,node,13,2048,5.79
linear,node,13,4096,8.22
linear,node,13,8192,12.15
linear,node,13,16384,11.09
linear,node,13,32768,16.69
linear,node,13,65536,27.14
linear,node,13,131072,47.76
linear,node,13,262144,142.42
linear,node,13,524288,285.85
linear,node,13,1048576,544.37
linear,node,14,1,2.12
linear,node,14,2,2.03
linear,node,14,4,2.02
linear,node,14,8,2.03
linear,node,14,16,2.02
linear,node,14,32,2.21
linear,node,14,64,2.42
linear,node,14,128,3.38
linear,node,14,256,3.62
linear,node,14,512,3.87
linear,node,14,1024,4.55
linear,node,14,2048,6.13
linear,node,14,4096,9.09
linear,node,14,8192,13.66
linear,node,14,16384,12.10
linear,node,14,32768,18.29
linear,node,14,65536,29.62
linear,node,14,131072,52.76
linear,node,14,262144,155.74
linear,node,14,524288,311.55
linear,node,14,1048576,592.18
linear,node,15,1,1.66
linear,node,15,2,1.73
linear,node,15,4,1.74
linear,node,15,8,1.76
linear,node,15,16,1.75
linear,node,15,32,1.91
linear,node,15,64,2.14
linear,node,15,128,2.88
linear,node,15,256,3.22
linear,node,15,512,3.45
linear,node,15,1024,4.21
linear,node,15,2048,5.54
linear,node,15,4096,8.25
linear,node,15,8192,12.42
linear,node,15,16384,11.29
linear,node,15,32768,17.58
linear,node,15,65536,29.69
linear,node,15,131072,52.63
linear,node,15,262144,164.69
linear,node,15,524288,331.05
linear,node,15,1048576,617.35
linear,node,16,1,2.23
linear,node,16,2,2.29
linear,node,16,4,2.30
linear,node,16,8,2.31
linear,node,16,16,2.30
linear,node,16,32,2.49
linear,node,16,64,2.67
linear,node,16,128,3.86
linear,node,16,256,4.24
linear,node,16,512,4.33
linear,node,16,1024,5.29
linear,node,16,2048,7.10
linear,node,16,4096,10.34
linear,node,16,8192,15.34
linear,node,16,16384,12.59
linear,node,16,32768,19.45
linear,node,16,65536,32.26
linear,node,16,131072,58.07
linear,node,16,262144,174.11
linear,node,16,524288,347.46
linear,node,16,1048576,657.91
linear,node,17,1,2.69
linear,node,17,2,2.67
linear,node,17,4,2.70
linear,node,17,8,2.67
linear,node,17,16,2.67
linear,node,17,32,2.79
linear,node,17,64,3.22
linear,node,17,128,3.89
linear,node,17,256,4.56
linear,node,17,512,4.79
linear,node,17,1024,5.78
linear,node,17,2048,7.50
linear,node,17,4096,10.92
linear,node,17,8192,16.27
linear,node,17,16384,13.20
linear,node,17,32768,20.33
linear,node,17,65536,34.20
linear,node,17,131072,92.61
linear,node,17,262144,184.58
linear,node,17,524288,368.10
linear,node,17,1048576,688.38
linear,node,18,1,2.72
linear,node,18,2,2.67
linear,node,18,4,2.66
linear,node,18,8,2.68
linear,node,18,16,2.68
linear,node,18,32,2.78
linear,node,18,64,3.33
linear,node,18,128,3.91
linear,node,18,256,4.50
linear,node,18,512,4.77
linear,node,18,1024,5.80
linear,node,18,2048,7.53
linear,node,18,4096,10.85
linear,node,18,8192,16.13
linear,node,18,16384,13.89
linear,node,18,32768,20.87
linear,node,18,65536,34.83
linear,node,18,131072,97.43
linear,node,18,262144,195.13
linear,node,18,524288,387.12
linear,node,18,1048576,733.78
linear,node,19,1,2.38
linear,node,19,2,2.40
linear,node,19,4,2.41
linear,node,19,8,2.41
linear,node,19,16,2.40
linear,node,19,32,2.51
linear,node,19,64,3.12
linear,node,19,128,3.68
linear,node,19,256,4.28
linear,node,19,512,4.57
linear,node,19,1024,5.85
linear,node,19,2048,7.34
linear,node,19,4096,10.32
linear,node,19,8192,15.88
linear,node,19,16384,13.53
linear,node,19,32768,20.69
linear,node,19,65536,34.99
linear,node,19,131072,103.37
linear,node,19,262144,208.99
linear,node,19,524288,419.07
linear,node,19,1048576,786.91
linear,node,20,1,2.83
linear,node,20,2,2.76
linear,node,20,4,2.78
linear,node,20,8,2.77
linear,node,20,16,2.78
linear,node,20,32,3.26
linear,node,20,64,3.19
linear,node,20,128,4.16
linear,node,20,256,4.70
linear,node,20,512,4.98
linear,node,20,1024,6.37
linear,node,20,2048,8.12
linear,node,20,4096,11.99
linear,node,20,8192,18.10
linear,node,20,16384,14.24
linear,node,20,32768,22.35
linear,node,20,65536,37.19
linear,node,20,131072,107.70
linear,node,20,262144,215.70
linear,node,20,524288,430.42
linear,node,20,1048576,812.34
linear,node,21,1,2.65
linear,node,21,2,2.65
linear,node,21,4,2.64
linear,node,21,8,2.66
linear,node,21,16,2.65
linear,node,21,32,2.93
linear,node,21,64,3.31
linear,node,21,128,3.99
linear,node,21,256,4.69
linear,node,21,512,5.00
linear,node,21,1024,6.43
linear,node,21,2048,8.08
linear,node,21,4096,12.01
linear,node,21,8192,18.12
linear,node,21,16384,14.59
linear,node,21,32768,22.32
linear,node,21,65536,37.77
linear,node,21,131072,111.47
linear,node,21,262144,225.83
linear,node,21,524288,455.54
linear,node,21,1048576,858.09
linear,node,22,1,2.79
linear,node,22,2,2.75
linear,node,22,4,2.75
linear,node,22,8,2.75
linear,node,22,16,2.75
linear,node,22,32,3.14
linear,node,22,64,3.04
linear,node,22,128,4.08
linear,node,22,256,4.69
linear,node,22,512,5.01
linear,node,22,1024,6.51
linear,node,22,2048,8.18
linear,node,22,4096,12.34
linear,node,22,8192,18.80
linear,node,22,16384,15.21
linear,node,22,32768,22.92
linear,node,22,65536,38.81
linear,node,22,131072,117.99
linear,node,22,262144,237.57
linear,node,22,524288,479.60
linear,node,22,1048576,905.88
linear,node,23,1,2.51
linear,node,23,2,2.43
linear,node,23,4,2.47
linear,node,23,8,2.44
linear,node,23,16,2.48
linear,node,23,32,2.88
linear,node,23,64,2.79
linear,node,23,128,3.72
linear,node,23,256,4.41
linear,node,23,512,4.74
linear,node,23,1024,6.14
linear,node,23,2048,7.93
linear,node,23,4096,12.10
linear,node,23,8192,18.60
linear,node,23,16384,15.15
linear,node,23,32768,23.17
linear,node,23,65536,39.90
linear,node,23,131072,122.24
linear,node,23,262144,247.12
linear,node,23,524288,497.41
linear,node,23,1048576,936.63
linear,node,24,1,3.05
linear,node,24,2,2.87
linear,node,24,4,2.87
linear,node,24,8,2.86
linear,node,24,16,2.89
linear,node,24,32,3.33
linear,node,24,64,3.25
linear,node,24,128,4.48
linear,node,24,256,5.10
linear,node,24,512,5.42
linear,node,24,1024,7.01
linear,node,24,2048,9.32
linear,node,24,4096,13.72
linear,node,24,8192,20.70
linear,node,24,16384,16.01
linear,node,24,32768,25.01
linear,node,24,65536,42.58
linear,node,24,131072,127.83
linear,node,24,262144,257.19
linear,node,24,524288,513.93
linear,node,24,1048576,977.60
linear,node,25,1,2.76
linear,node,25,2,2.83
linear,node,25,4,2.82
linear,node,25,8,2.80
linear,node,25,16,2.82
linear,node,25,32,3.42
linear,node,25,64,3.25
linear,node,25,128,4.65
linear,node,25,256,5.22
linear,node,25,512,5.61
linear,node,25,1024,7.28
linear,node,25,2048,9.40
linear,node,25,4096,14.16
linear,node,25,8192,21.40
linear,node,25,16384,16.65
linear,node,25,32768,25.44
linear,node,25,65536,43.54
linear,node,25,131072,134.27
linear,node,25,262144,270.58
linear,node,25,524288,539.83
linear,node,25,1048576,1024.12
linear,node,26,1,2.77
linear,node,26,2,2.76
linear,node,26,4,2.77
linear,node,26,8,2.75
linear,node,26,16,2.80
linear,node,26,32,3.21
linear,node,26,64,3.19
linear,node,26,128,4.55
linear,node,26,256,5.13
linear,node,26,512,5.51
linear,node,26,1024,7.20
linear,node,26,2048,9.18
linear,node,26,4096,13.73
linear,node,26,8192,21.08
linear,node,26,16384,16.38
linear,node,26,32768,25.54
linear,node,26,65536,44.22
linear,node,26,131072,138.22
linear,node,26,262144,279.65
linear,node,26,524288,526.25
linear,node,26,1048576,1051.78
linear,node,27,1,2.73
linear,node,27,2,2.70
linear,node,27,4,2.69
linear,node,27,8,2.71
linear,node,27,16,2.71
linear,node,27,32,3.08
linear,node,27,64,3.10
linear,node,27,128,4.50
linear,node,27,256,5.19
linear,node,27,512,5.47
linear,node,27,1024,7.20
linear,node,27,2048,9.61
linear,node,27,4096,14.22
linear,node,27,8192,21.00
linear,node,27,16384,16.58
linear,node,27,32768,26.15
linear,node,27,65536,45.35
linear,node,27,131072,145.04
linear,node,27,262144,292.82
linear,node,27,524288,583.57
linear,node,27,1048576,1116.67
linear,node,28,1,3.05
linear,node,28,2,2.94
linear,node,28,4,2.93
linear,node,28,8,2.95
linear,node,28,16,3.00
linear,node,28,32,3.40
linear,node,28,64,3.35
linear,node,28,128,4.83
linear,node,28,256,5.41
linear,node,28,512,5.75
linear,node,28,1024,7.65
linear,node,28,2048,10.18
linear,node,28,4096,15.31
linear,node,28,8192,22.83
linear,node,28,16384,17.58
linear,node,28,32768,27.58
linear,node,28,65536,47.46
linear,node,28,131072,149.97
linear,node,28,262144,303.32
linear,node,28,524288,604.46
linear,node,28,1048576,1157.59
linear,node,29,1,3.28
linear,node,29,2,3.04
linear,node,29,4,2.95
linear,node,29,8,2.95
linear,node,29,16,3.01
linear,node,29,32,3.33
linear,node,29,64,3.36
linear,node,29,128,4.83
linear,node,29,256,5.53
linear,node,29,512,5.83
linear,node,29,1024,7.85
linear,node,29,2048,10.11
linear,node,29,4096,15.49
linear,node,29,8192,23.55
linear,node,29,16384,17.56
linear,node,29,32768,27.35
linear,node,29,65536,48.10
linear,node,29,131072,152.55
linear,node,29,262144,307.49
linear,node,29,524288,619.36
linear,node,29,1048576,1112.07
linear,node,30,1,3.14
linear,node,30,2,2.97
linear,node,30,4,2.96
linear,node,30,8,2.96
linear,node,30,16,3.00
linear,node,30,32,3.45
linear,node,30,64,3.39
linear,node,30,128,4.90
linear,node,30,256,5.51
linear,node,30,512,5.83
linear,node,30,1024,7.76
linear,node,30,2048,10.31
linear,node,30,4096,15.91
linear,node,30,8192,24.11
linear,node,30,16384,18.70
linear,node,30,32768,28.69
linear,node,30,65536,49.50
linear,node,30,131072,160.02
linear,node,30,262144,323.23
linear,node,30,524288,645.11
linear,node,30,1048576,1249.36
linear,node,31,1,3.26
linear,node,31,2,2.84
linear,node,31,4,2.88
linear,node,31,8,2.87
linear,node,31,16,2.90
linear,node,31,32,3.38
linear,node,31,64,3.34
linear,node,31,128,4.74
linear,node,31,256,5.48
linear,node,31,512,5.81
linear,node,31,1024,7.74
linear,node,31,2048,10.19
linear,node,31,4096,15.88
linear,node,31,8192,24.78
linear,node,31,16384,18.50
linear,node,31,32768,28.69
linear,node,31,65536,50.40
linear,node,31,131072,141.93
linear,node,31,262144,286.90
linear,node,31,524288,596.17
linear,node,31,1048576,1247.00
linear,node,32,1,3.75
linear,node,32,2,3.40
linear,node,32,4,3.38
linear,node,32,8,3.40
linear,node,32,16,3.41
linear,node,32,32,3.91
linear,node,32,64,3.75
linear,node,32,128,5.53
linear,node,32,256,6.26
linear,node,32,512,6.65
linear,node,32,1024,8.70
linear,node,32,2048,11.94
linear,node,32,4096,17.82
linear,node,32,8192,27.17
linear,node,32,16384,19.22
linear,node,32,32768,30.64
linear,node,32,65536,53.70
linear,node,32,131072,170.15
linear,node,32,262144,343.54
linear,node,32,524288,686.57
linear,node,32,1048576,1326.58
linear,node,33,1,3.94
linear,node,33,2,3.79
linear,node,33,4,3.78
linear,node,33,8,3.79
linear,node,33,16,4.11
linear,node,33,32,4.10
linear,node,33,64,4.11
linear,node,33,128,5.91
linear,node,33,256,6.73
linear,node,33,512,7.14
linear,node,33,1024,9.23
linear,node,33,2048,11.94
linear,node,33,4096,18.04
linear,node,33,8192,27.06
linear,node,33,16384,20.03
linear,node,33,32768,31.07
linear,node,33,65536,53.85
linear,node,33,131072,175.90
linear,node,33,262144,354.47
linear,node,33,524288,707.44
linear,node,33,1048576,1360.26
linear,node,34,1,3.96
linear,node,34,2,3.72
linear,node,34,4,3.72
linear,node,34,8,3.74
linear,node,34,16,4.15
linear,node,34,32,3.93
linear,node,34,64,4.09
linear,node,34,128,5.88
linear,node,34,256,6.65
linear,node,34,512,7.00
linear,node,34,1024,9.07
linear,node,34,2048,12.42
linear,node,34,4096,18.10
linear,node,34,8192,27.37
linear,node,34,16384,20.39
linear,node,34,32768,31.54
linear,node,34,65536,55.64
linear,node,34,131072,180.58
linear,node,34,262144,364.33
linear,node,34,524288,724.09
linear,node,34,1048576,1398.84
linear,node,35,1,3.89
linear,node,35,2,3.71
linear,node,35,4,3.73
linear,node,35,8,3.72
linear,node,35,16,4.13
linear,node,35,32,3.95
linear,node,35,64,4.13
linear,node,35,128,5.81
linear,node,35,256,6.73
linear,node,35,512,7.02
linear,node,35,1024,9.07
linear,node,35,2048,12.15
linear,node,35,4096,18.03
linear,node,35,8192,27.67
linear,node,35,16384,20.47
linear,node,35,32768,31.87
linear,node,35,65536,55.93
linear,node,35,131072,187.93
linear,node,35,262144,378.99
linear,node,35,524288,755.17
linear,node,35,1048576,1463.79
linear,node,36,1,3.96
linear,node,36,2,3.82
linear,node,36,4,3.81
linear,node,36,8,3.84
linear,node,36,16,4.17
linear,node,36,32,4.04
linear,node,36,64,4.19
linear,node,36,128,5.97
linear,node,36,256,6.66
linear,node,36,512,7.09
linear,node,36,1024,9.31
linear,node,36,2048,12.97
linear,node,36,4096,19.58
linear,node,36,8192,29.41
linear,node,36,16384,21.66
linear,node,36,32768,34.44
linear,node,36,65536,58.38
linear,node,36,131072,190.19
linear,node,36,262144,383.00
linear,node,36,524288,766.13
linear,node,36,1048576,1486.08
linear,node,37,1,3.91
linear,node,37,2,3.64
linear,node,37,4,3.66
linear,node,37,8,3.67
linear,node,37,16,3.87
linear,node,37,32,3.86
linear,node,37,64,4.07
linear,node,37,128,6.01
linear,node,37,256,6.82
linear,node,37,512,7.33
linear,node,37,1024,9.53
linear,node,37,2048,13.38
linear,node,37,4096,19.86
linear,node,37,8192,30.40
linear,node,37,16384,21.87
linear,node,37,32768,36.30
linear,node,37,65536,60.76
linear,node,37,131072,197.44
linear,node,37,262144,400.75
linear,node,37,524288,805.19
linear,node,37,1048576,1554.28
linear,node,38,1,3.87
linear,node,38,2,3.83
linear,node,38,4,3.82
linear,node,38,8,3.85
linear,node,38,16,3.97
linear,node,38,32,4.05
linear,node,38,64,4.19
linear,node,38,128,6.15
linear,node,38,256,6.90
linear,node,38,512,7.39
linear,node,38,1024,9.70
linear,node,38,2048,13.71
linear,node,38,4096,20.42
linear,node,38,8192,31.32
linear,node,38,16384,22.91
linear,node,38,32768,38.57
linear,node,38,65536,67.27
linear,node,38,131072,201.25
linear,node,38,262144,409.29
linear,node,38,524288,820.55
linear,node,38,1048576,1583.49
linear,node,39,1,3.61
linear,node,39,2,3.59
linear,node,39,4,3.60
linear,node,39,8,3.61
linear,node,39,16,4.01
linear,node,39,32,3.88
linear,node,39,64,4.10
linear,node,39,128,5.79
linear,node,39,256,6.62
linear,node,39,512,7.00
linear,node,39,1024,9.20
linear,node,39,2048,12.65
linear,node,39,4096,19.65
linear,node,39,8192,29.97
linear,node,39,16384,22.08
linear,node,39,32768,33.28
linear,node,39,65536,60.78
linear,node,39,131072,187.69
linear,node,39,262144,398.11
linear,node,39,524288,811.61
linear,node,39,1048576,1607.92
linear,node,40,1,3.94
linear,node,40,2,3.92
linear,node,40,4,3.93
linear,node,40,8,4.10
linear,node,40,16,4.15
linear,node,40,32,4.26
linear,node,40,64,4.47
linear,node,40,128,6.45
linear,node,40,256,7.17
linear,node,40,512,7.65
linear,node,40,1024,10.10
linear,node,40,2048,14.32
linear,node,40,4096,21.34
linear,node,40,8192,32.17
linear,node,40,16384,22.47
linear,node,40,32768,36.25
linear,node,40,65536,63.69
linear,node,40,131072,203.23
linear,node,40,262144,383.55
linear,node,40,524288,781.09
linear,node,40,1048576,1595.81
linear,node,41,1,3.90
linear,node,41,2,3.92
linear,node,41,4,3.92
linear,node,41,8,4.13
linear,node,41,16,3.98
linear,node,41,32,4.18
linear,node,41,64,4.45
linear,node,41,128,6.47
linear,node,41,256,7.32
linear,node,41,512,7.82
linear,node,41,1024,10.39
linear,node,41,2048,13.97
linear,node,41,4096,21.87
linear,node,41,8192,33.57
linear,node,41,16384,22.43
linear,node,41,32768,35.93
linear,node,41,65536,64.06
linear,node,41,131072,215.69
linear,node,41,262144,436.75
linear,node,41,524288,874.88
linear,node,41,1048576,1705.51
linear,node,42,1,3.82
linear,node,42,2,3.88
linear,node,42,4,3.88
linear,node,42,8,4.21
linear,node,42,16,3.93
linear,node,42,32,4.15
linear,node,42,64,4.45
linear,node,42,128,6.43
linear,node,42,256,7.18
linear,node,42,512,7.61
linear,node,42,1024,10.18
linear,node,42,2048,13.91
linear,node,42,4096,21.67
linear,node,42,8192,33.29
linear,node,42,16384,24.76
linear,node,42,32768,38.19
linear,node,42,65536,65.75
linear,node,42,131072,221.61
linear,node,42,262144,447.84
linear,node,42,524288,896.40
linear,node,42,1048576,1642.89
linear,node,43,1,3.83
linear,node,43,2,3.79
linear,node,43,4,3.82
linear,node,43,8,3.93
linear,node,43,16,3.92
linear,node,43,32,4.05
linear,node,43,64,4.37
linear,node,43,128,6.32
linear,node,43,256,7.11
linear,node,43,512,7.61
linear,node,43,1024,10.14
linear,node,43,2048,14.58
linear,node,43,4096,22.18
linear,node,43,8192,33.57
linear,node,43,16384,25.17
linear,node,43,32768,41.05
linear,node,43,65536,72.94
linear,node,43,131072,225.00
linear,node,43,262144,457.02
linear,node,43,524288,921.37
linear,node,43,1048576,1790.31
linear,node,44,1,4.12
linear,node,44,2,4.13
linear,node,44,4,4.15
linear,node,44,8,4.39
linear,node,44,16,4.19
linear,node,44,32,4.43
linear,node,44,64,4.55
linear,node,44,128,6.83
linear,node,44,256,7.55
linear,node,44,512,8.07
linear,node,44,1024,10.68
linear,node,44,2048,15.27
linear,node,44,4096,23.25
linear,node,44,8192,35.63
linear,node,44,16384,25.49
linear,node,44,32768,40.05
linear,node,44,65536,68.88
linear,node,44,131072,231.46
linear,node,44,262144,467.41
linear,node,44,524288,936.75
linear,node,44,1048576,1807.86
linear,node,45,1,4.18
linear,node,45,2,4.19
linear,node,45,4,4.22
linear,node,45,8,4.65
linear,node,45,16,4.18
linear,node,45,32,4.49
linear,node,45,64,4.58
linear,node,45,128,6.78
linear,node,45,256,7.63
linear,node,45,512,8.12
linear,node,45,1024,10.80
linear,node,45,2048,15.11
linear,node,45,4096,23.26
linear,node,45,8192,35.57
linear,node,45,16384,24.52
linear,node,45,32768,39.49
linear,node,45,65536,69.28
linear,node,45,131072,241.10
linear,node,45,262144,488.00
linear,node,45,524288,979.99
linear,node,45,1048576,1907.91
linear,node,46,1,4.15
linear,node,46,2,4.20
linear,node,46,4,4.37
linear,node,46,8,4.36
linear,node,46,16,4.22
linear,node,46,32,4.45
linear,node,46,64,4.65
linear,node,46,128,6.92
linear,node,46,256,7.79
linear,node,46,512,8.22
linear,node,46,1024,10.95
linear,node,46,2048,16.21
linear,node,46,4096,24.50
linear,node,46,8192,37.28
linear,node,46,16384,25.34
linear,node,46,32768,39.74
linear,node,46,65536,71.72
linear,node,46,131072,240.81
linear,node,46,262144,486.72
linear,node,46,524288,916.49
linear,node,46,1048576,1840.35
linear,node,47,1,4.05
linear,node,47,2,4.07
linear,node,47,4,4.30
linear,node,47,8,4.15
linear,node,47,16,4.05
linear,node,47,32,4.31
linear,node,47,64,4.52
linear,node,47,128,6.69
linear,node,47,256,7.60
linear,node,47,512,8.10
linear,node,47,1024,10.76
linear,node,47,2048,15.69
linear,node,47,4096,23.53
linear,node,47,8192,36.80
linear,node,47,16384,25.90
linear,node,47,32768,43.27
linear,node,47,65536,74.46
linear,node,47,131072,240.93
linear,node,47,262144,447.52
linear,node,47,524288,922.05
linear,node,47,1048576,1881.97
linear,node,48,1,4.38
linear,node,48,2,4.44
linear,node,48,4,4.86
linear,node,48,8,4.62
linear,node,48,16,4.42
linear,node,48,32,4.77
linear,node,48,64,4.92
linear,node,48,128,7.39
linear,node,48,256,8.18
linear,node,48,512,8.76
linear,node,48,1024,11.61
linear,node,48,2048,16.31
linear,node,48,4096,24.95
linear,node,48,8192,38.54
linear,node,48,16384,25.40
linear,node,48,32768,41.29
linear,node,48,65536,73.75
linear,node,48,131072,256.35
linear,node,48,262144,520.87
linear,node,48,524288,1046.20
linear,node,48,1048576,2042.32
